Create database  PowerBI;
--use PowerBI;

CREATE TABLE Customers (
    CustomerID INT PRIMARY KEY,
    CustomerName VARCHAR(100),
    Gender VARCHAR(10),
    City VARCHAR(50),
    JoinDate DATE
);

CREATE TABLE Accounts (
    AccountID INT PRIMARY KEY,
    CustomerID INT,
    AccountType VARCHAR(20),
    Balance DECIMAL(12,2),
    Branch VARCHAR(50),
    OpenDate DATE,
    FOREIGN KEY (CustomerID) REFERENCES Customers(CustomerID)
);

CREATE TABLE Transactions (
    TransactionID INT PRIMARY KEY,
    AccountID INT,
    TransactionDate DATE,
    Amount DECIMAL(10,2),
    TransactionType VARCHAR(20), -- Deposit / Withdrawal
    FOREIGN KEY (AccountID) REFERENCES Accounts(AccountID)
);

CREATE TABLE Loans (
    LoanID INT PRIMARY KEY,
    CustomerID INT,
    LoanType VARCHAR(30),
    LoanAmount DECIMAL(12,2),
    EMI DECIMAL(10,2),
    LoanStatus VARCHAR(20), -- Active / Closed / Overdue
    StartDate DATE,
    FOREIGN KEY (CustomerID) REFERENCES Customers(CustomerID)
);
INSERT INTO Customers VALUES
(1,'Rajesh Kumar','Male','Delhi','2023-01-10'),
(2,'Anita Sharma','Female','Mumbai','2023-02-15'),
(3,'Amit Verma','Male','Bangalore','2023-03-05'),
(4,'Pooja Singh','Female','Delhi','2023-03-18'),
(5,'Rohit Mehta','Male','Ahmedabad','2023-04-02'),
(6,'Neha Gupta','Female','Pune','2023-04-10'),
(7,'Suresh Reddy','Male','Hyderabad','2023-04-22'),
(8,'Kiran Patel','Male','Surat','2023-05-01'),
(9,'Sunita Rao','Female','Bangalore','2023-05-09'),
(10,'Vikas Malhotra','Male','Delhi','2023-05-18'),

(11,'Manish Jain','Male','Jaipur','2023-06-01'),
(12,'Kavita Joshi','Female','Indore','2023-06-08'),
(13,'Nitin Kulkarni','Male','Nagpur','2023-06-15'),
(14,'Shilpa Nair','Female','Kochi','2023-06-22'),
(15,'Arjun Das','Male','Kolkata','2023-07-01'),
(16,'Meena Iyer','Female','Chennai','2023-07-08'),
(17,'Ravi Shankar','Male','Patna','2023-07-15'),
(18,'Anjali Mishra','Female','Bhopal','2023-07-22'),
(19,'Deepak Yadav','Male','Lucknow','2023-08-01'),
(20,'Rekha Soni','Female','Udaipur','2023-08-09'),

(21,'Sanjay Kapoor','Male','Delhi','2023-08-15'),
(22,'Nisha Arora','Female','Noida','2023-08-22'),
(23,'Akash Pandey','Male','Kanpur','2023-09-01'),
(24,'Ritu Saxena','Female','Agra','2023-09-08'),
(25,'Mohit Bansal','Male','Faridabad','2023-09-15'),
(26,'Preeti Chawla','Female','Gurgaon','2023-09-22'),
(27,'Rahul Khanna','Male','Chandigarh','2023-10-01'),
(28,'Simran Kaur','Female','Amritsar','2023-10-08'),
(29,'Harsh Vardhan','Male','Dehradun','2023-10-15'),
(30,'Neelam Thakur','Female','Shimla','2023-10-22'),

(31,'Ashok Pillai','Male','Trivandrum','2023-11-01'),
(32,'Divya Menon','Female','Calicut','2023-11-08'),
(33,'Vinod Joshi','Male','Alwar','2023-11-15'),
(34,'Kanchan Shah','Female','Vadodara','2023-11-22'),
(35,'Prakash Solanki','Male','Rajkot','2023-12-01'),
(36,'Bhavna Patel','Female','Anand','2023-12-08'),
(37,'Dinesh Rawat','Male','Haldwani','2023-12-15'),
(38,'Sneha Kulkarni','Female','Kolhapur','2023-12-22'),
(39,'Yogesh Pawar','Male','Nashik','2024-01-02'),
(40,'Aarti Deshpande','Female','Aurangabad','2024-01-10'),

(41,'Kunal Arora','Male','Delhi','2024-01-18'),
(42,'Swati Bhat','Female','Udupi','2024-01-25'),
(43,'Ramesh Gowda','Male','Mysore','2024-02-02'),
(44,'Lavanya Shetty','Female','Mangalore','2024-02-10'),
(45,'Siddharth Jain','Male','Kota','2024-02-18'),
(46,'Riya Agarwal','Female','Mathura','2024-02-25'),
(47,'Gaurav Singh','Male','Meerut','2024-03-02'),
(48,'Pallavi Tiwari','Female','Rewa','2024-03-10'),
(49,'Ankit Mishra','Male','Satna','2024-03-18'),
(50,'Nandini Roy','Female','Ranchi','2024-03-25'),

(51,'Suman Dey','Male','Howrah','2024-04-02'),
(52,'Rashmi Banerjee','Female','Asansol','2024-04-10'),
(53,'Abhishek Bose','Male','Siliguri','2024-04-18'),
(54,'Madhuri Sen','Female','Durgapur','2024-04-25'),
(55,'Tarun Ghosh','Male','Malda','2024-05-02'),
(56,'Ishita Paul','Female','Barrackpore','2024-05-10'),
(57,'Pankaj Saha','Male','Krishnanagar','2024-05-18'),
(58,'Sonal Dutta','Female','Kalyani','2024-05-25'),
(59,'Ayan Chakraborty','Male','Kharagpur','2024-06-02'),
(60,'Rupa Mukherjee','Female','Midnapore','2024-06-10'),

(61,'Vivek Tripathi','Male','Prayagraj','2024-06-18'),
(62,'Neetu Verma','Female','Varanasi','2024-06-25'),
(63,'Ajay Srivastava','Male','Ayodhya','2024-07-02'),
(64,'Poonam Pandey','Female','Gorakhpur','2024-07-10'),
(65,'Rajat Saxena','Male','Jhansi','2024-07-18'),
(66,'Kiran Dubey','Female','Chitrakoot','2024-07-25'),
(67,'Shubham Shukla','Male','Fatehpur','2024-08-02'),
(68,'Anupriya Singh','Female','Ballia','2024-08-10'),
(69,'Naveen Kumar','Male','Sitapur','2024-08-18'),
(70,'Payal Agarwal','Female','Hardoi','2024-08-25'),

(71,'Imran Khan','Male','Bhopal','2024-09-02'),
(72,'Farah Ali','Female','Indore','2024-09-10'),
(73,'Zahid Sheikh','Male','Ujjain','2024-09-18'),
(74,'Ayesha Qureshi','Female','Ratlam','2024-09-25'),
(75,'Salman Ansari','Male','Khandwa','2024-10-02'),
(76,'Nazia Pathan','Female','Burhanpur','2024-10-10'),
(77,'Adnan Mirza','Male','Sehore','2024-10-18'),
(78,'Shabnam Siddiqui','Female','Vidisha','2024-10-25'),
(79,'Faisal Khan','Male','Dewas','2024-11-02'),
(80,'Rubina Shaikh','Female','Neemuch','2024-11-10'),

(81,'Harpreet Singh','Male','Ludhiana','2024-11-18'),
(82,'Gurleen Kaur','Female','Jalandhar','2024-11-25'),
(83,'Manpreet Gill','Male','Patiala','2024-12-02'),
(84,'Navjot Kaur','Female','Bathinda','2024-12-10'),
(85,'Parminder Sandhu','Male','Moga','2024-12-18'),
(86,'Baljit Kaur','Female','Firozpur','2024-12-25'),
(87,'Jaspreet Sidhu','Male','Muktsar','2025-01-02'),
(88,'Harman Kahlon','Female','Barnala','2025-01-10'),
(89,'Sukhdev Brar','Male','Faridkot','2025-01-18'),
(90,'Ranjit Kaur','Female','Kapurthala','2025-01-25'),

(91,'Om Prakash','Male','Jodhpur','2025-02-02'),
(92,'Reena Rathore','Female','Udaipur','2025-02-10'),
(93,'Mahesh Sisodia','Male','Ajmer','2025-02-18'),
(94,'Sunita Chauhan','Female','Bikaner','2025-02-25'),
(95,'Lokesh Yadav','Male','Alwar','2025-03-02'),
(96,'Neha Solanki','Female','Sikar','2025-03-10'),
(97,'Pawan Meena','Male','Dausa','2025-03-18'),
(98,'Kriti Sharma','Female','Churu','2025-03-25'),
(99,'Devendra Rathod','Male','Tonk','2025-04-02'),
(100,'Seema Pareek','Female','Bhilwara','2025-04-10');


----------------------------------------------------------------------
INSERT INTO Accounts VALUES
(101,1,'Savings',75000,'Delhi Main','2023-01-12'),
(102,2,'Current',120000,'Mumbai Central','2023-02-18'),
(103,3,'Savings',54000,'Bangalore North','2023-03-07'),
(104,4,'Savings',68000,'Delhi South','2023-03-20'),
(105,5,'Current',150000,'Ahmedabad Main','2023-04-05'),
(106,6,'Savings',43000,'Pune City','2023-04-12'),
(107,7,'Current',98000,'Hyderabad Central','2023-04-25'),
(108,8,'Savings',62000,'Surat Ring Road','2023-05-03'),
(109,9,'Savings',71000,'Bangalore East','2023-05-11'),
(110,10,'Current',135000,'Delhi North','2023-05-20'),

(111,11,'Savings',48000,'Jaipur Main','2023-06-03'),
(112,12,'Savings',52000,'Indore Central','2023-06-10'),
(113,13,'Current',115000,'Nagpur Main','2023-06-17'),
(114,14,'Savings',46000,'Kochi City','2023-06-24'),
(115,15,'Savings',83000,'Kolkata Central','2023-07-03'),
(116,16,'Savings',59000,'Chennai North','2023-07-10'),
(117,17,'Current',102000,'Patna Main','2023-07-17'),
(118,18,'Savings',44000,'Bhopal City','2023-07-24'),
(119,19,'Savings',67000,'Lucknow Main','2023-08-03'),
(120,20,'Current',125000,'Udaipur City','2023-08-11'),

(121,21,'Savings',91000,'Delhi West','2023-08-18'),
(122,22,'Savings',56000,'Noida Sector 18','2023-08-25'),
(123,23,'Current',108000,'Kanpur Main','2023-09-03'),
(124,24,'Savings',49000,'Agra City','2023-09-10'),
(125,25,'Current',132000,'Faridabad Main','2023-09-18'),
(126,26,'Savings',60000,'Gurgaon Cyber','2023-09-25'),
(127,27,'Savings',72000,'Chandigarh Sector 17','2023-10-03'),
(128,28,'Savings',68000,'Amritsar Main','2023-10-10'),
(129,29,'Current',118000,'Dehradun City','2023-10-18'),
(130,30,'Savings',51000,'Shimla Mall','2023-10-25'),

(131,31,'Savings',66000,'Trivandrum City','2023-11-03'),
(132,32,'Savings',58000,'Calicut Main','2023-11-10'),
(133,33,'Current',99000,'Alwar City','2023-11-18'),
(134,34,'Savings',74000,'Vadodara Central','2023-11-25'),
(135,35,'Savings',87000,'Rajkot Main','2023-12-03'),
(136,36,'Savings',62000,'Anand City','2023-12-10'),
(137,37,'Current',112000,'Haldwani Main','2023-12-18'),
(138,38,'Savings',54000,'Kolhapur City','2023-12-25'),
(139,39,'Savings',69000,'Nashik Main','2024-01-04'),
(140,40,'Current',120000,'Aurangabad City','2024-01-12'),

(141,41,'Savings',82000,'Delhi Central','2024-01-20'),
(142,42,'Savings',56000,'Udupi City','2024-01-27'),
(143,43,'Current',104000,'Mysore Main','2024-02-04'),
(144,44,'Savings',61000,'Mangalore Port','2024-02-12'),
(145,45,'Savings',77000,'Kota City','2024-02-20'),
(146,46,'Savings',53000,'Mathura Main','2024-02-27'),
(147,47,'Current',110000,'Meerut City','2024-03-04'),
(148,48,'Savings',48000,'Rewa Main','2024-03-12'),
(149,49,'Savings',65000,'Satna City','2024-03-20'),
(150,50,'Current',130000,'Ranchi Main','2024-03-27'),

(151,51,'Savings',72000,'Howrah City','2024-04-04'),
(152,52,'Savings',56000,'Asansol Main','2024-04-12'),
(153,53,'Current',98000,'Siliguri City','2024-04-20'),
(154,54,'Savings',60000,'Durgapur Main','2024-04-27'),
(155,55,'Savings',83000,'Malda City','2024-05-04'),
(156,56,'Savings',59000,'Barrackpore Main','2024-05-12'),
(157,57,'Current',105000,'Krishnanagar City','2024-05-20'),
(158,58,'Savings',47000,'Kalyani Main','2024-05-27'),
(159,59,'Savings',68000,'Kharagpur City','2024-06-04'),
(160,60,'Current',122000,'Midnapore Main','2024-06-12'),

(161,61,'Savings',74000,'Prayagraj Main','2024-06-20'),
(162,62,'Savings',52000,'Varanasi City','2024-06-27'),
(163,63,'Current',99000,'Ayodhya Main','2024-07-04'),
(164,64,'Savings',61000,'Gorakhpur City','2024-07-12'),
(165,65,'Savings',78000,'Jhansi Main','2024-07-20'),
(166,66,'Savings',54000,'Chitrakoot City','2024-07-27'),
(167,67,'Current',108000,'Fatehpur Main','2024-08-04'),
(168,68,'Savings',50000,'Ballia City','2024-08-12'),
(169,69,'Savings',67000,'Sitapur Main','2024-08-20'),
(170,70,'Current',125000,'Hardoi City','2024-08-27'),

(171,71,'Savings',73000,'Bhopal Main','2024-09-04'),
(172,72,'Savings',56000,'Indore City','2024-09-12'),
(173,73,'Current',102000,'Ujjain Main','2024-09-20'),
(174,74,'Savings',59000,'Ratlam City','2024-09-27'),
(175,75,'Savings',84000,'Khandwa Main','2024-10-04'),
(176,76,'Savings',62000,'Burhanpur City','2024-10-12'),
(177,77,'Current',110000,'Sehore Main','2024-10-20'),
(178,78,'Savings',48000,'Vidisha City','2024-10-27'),
(179,79,'Savings',69000,'Dewas Main','2024-11-04'),
(180,80,'Current',128000,'Neemuch City','2024-11-12'),

(181,81,'Savings',76000,'Ludhiana Main','2024-11-20'),
(182,82,'Savings',54000,'Jalandhar City','2024-11-27'),
(183,83,'Current',99000,'Patiala Main','2024-12-04'),
(184,84,'Savings',61000,'Bathinda City','2024-12-12'),
(185,85,'Savings',83000,'Moga Main','2024-12-20'),
(186,86,'Savings',58000,'Firozpur City','2024-12-27'),
(187,87,'Current',107000,'Muktsar Main','2025-01-04'),
(188,88,'Savings',52000,'Barnala City','2025-01-12'),
(189,89,'Savings',71000,'Faridkot Main','2025-01-20'),
(190,90,'Current',130000,'Kapurthala City','2025-01-27'),

(191,91,'Savings',88000,'Jodhpur Main','2025-02-04'),
(192,92,'Savings',64000,'Udaipur City','2025-02-12'),
(193,93,'Current',101000,'Ajmer Main','2025-02-20'),
(194,94,'Savings',59000,'Bikaner City','2025-02-27'),
(195,95,'Savings',72000,'Alwar Main','2025-03-04'),
(196,96,'Savings',56000,'Sikar City','2025-03-12'),
(197,97,'Current',108000,'Dausa Main','2025-03-20'),
(198,98,'Savings',51000,'Churu City','2025-03-27'),
(199,99,'Savings',69000,'Tonk Main','2025-04-04'),
(200,100,'Current',135000,'Bhilwara City','2025-04-12');

----------------------------------------------------------------------
INSERT INTO Transactions VALUES
(1,101,'2024-12-01',5000,'Deposit'),
(2,101,'2024-12-02',2000,'Withdrawal'),
(3,102,'2024-12-03',8000,'Deposit'),
(4,103,'2024-12-04',3000,'Withdrawal'),
(5,104,'2024-12-05',12000,'Deposit'),
(6,105,'2024-12-06',4000,'Withdrawal'),
(7,106,'2024-12-07',7000,'Deposit'),
(8,107,'2024-12-08',2500,'Withdrawal'),
(9,108,'2024-12-09',15000,'Deposit'),
(10,109,'2024-12-10',6000,'Withdrawal'),

(11,110,'2024-12-11',9000,'Deposit'),
(12,111,'2024-12-12',3500,'Withdrawal'),
(13,112,'2024-12-13',11000,'Deposit'),
(14,113,'2024-12-14',4500,'Withdrawal'),
(15,114,'2024-12-15',13000,'Deposit'),
(16,115,'2024-12-16',5000,'Withdrawal'),
(17,116,'2024-12-17',7500,'Deposit'),
(18,117,'2024-12-18',2800,'Withdrawal'),
(19,118,'2024-12-19',16000,'Deposit'),
(20,119,'2024-12-20',6200,'Withdrawal'),

(21,120,'2024-12-21',8800,'Deposit'),
(22,121,'2024-12-22',3100,'Withdrawal'),
(23,122,'2024-12-23',10500,'Deposit'),
(24,123,'2024-12-24',4700,'Withdrawal'),
(25,124,'2024-12-25',14000,'Deposit'),
(26,125,'2024-12-26',5200,'Withdrawal'),
(27,126,'2024-12-27',7900,'Deposit'),
(28,127,'2024-12-28',2600,'Withdrawal'),
(29,128,'2024-12-29',15500,'Deposit'),
(30,129,'2024-12-30',6100,'Withdrawal'),

(31,130,'2024-12-31',9200,'Deposit'),
(32,131,'2025-01-01',3300,'Withdrawal'),
(33,132,'2025-01-02',10800,'Deposit'),
(34,133,'2025-01-03',4600,'Withdrawal'),
(35,134,'2025-01-04',12500,'Deposit'),
(36,135,'2025-01-05',5100,'Withdrawal'),
(37,136,'2025-01-06',8100,'Deposit'),
(38,137,'2025-01-07',2900,'Withdrawal'),
(39,138,'2025-01-08',15000,'Deposit'),
(40,139,'2025-01-09',6000,'Withdrawal'),

(41,140,'2025-01-10',9500,'Deposit'),
(42,141,'2025-01-11',3200,'Withdrawal'),
(43,142,'2025-01-12',11000,'Deposit'),
(44,143,'2025-01-13',4800,'Withdrawal'),
(45,144,'2025-01-14',13500,'Deposit'),
(46,145,'2025-01-15',5400,'Withdrawal'),
(47,146,'2025-01-16',7600,'Deposit'),
(48,147,'2025-01-17',2700,'Withdrawal'),
(49,148,'2025-01-18',15800,'Deposit'),
(50,149,'2025-01-19',6200,'Withdrawal'),

(51,150,'2025-01-20',9000,'Deposit'),
(52,151,'2025-01-21',3400,'Withdrawal'),
(53,152,'2025-01-22',10200,'Deposit'),
(54,153,'2025-01-23',4600,'Withdrawal'),
(55,154,'2025-01-24',12000,'Deposit'),
(56,155,'2025-01-25',5000,'Withdrawal'),
(57,156,'2025-01-26',8300,'Deposit'),
(58,157,'2025-01-27',2800,'Withdrawal'),
(59,158,'2025-01-28',14500,'Deposit'),
(60,159,'2025-01-29',6100,'Withdrawal'),

(61,160,'2025-01-30',9400,'Deposit'),
(62,161,'2025-01-31',3500,'Withdrawal'),
(63,162,'2025-02-01',10900,'Deposit'),
(64,163,'2025-02-02',4700,'Withdrawal'),
(65,164,'2025-02-03',13000,'Deposit'),
(66,165,'2025-02-04',5200,'Withdrawal'),
(67,166,'2025-02-05',7800,'Deposit'),
(68,167,'2025-02-06',2600,'Withdrawal'),
(69,168,'2025-02-07',15000,'Deposit'),
(70,169,'2025-02-08',6000,'Withdrawal'),

(71,170,'2025-02-09',9700,'Deposit'),
(72,171,'2025-02-10',3300,'Withdrawal'),
(73,172,'2025-02-11',11200,'Deposit'),
(74,173,'2025-02-12',4900,'Withdrawal'),
(75,174,'2025-02-13',13800,'Deposit'),
(76,175,'2025-02-14',5600,'Withdrawal'),
(77,176,'2025-02-15',7900,'Deposit'),
(78,177,'2025-02-16',2700,'Withdrawal'),
(79,178,'2025-02-17',15500,'Deposit'),
(80,179,'2025-02-18',6300,'Withdrawal'),

(81,180,'2025-02-19',9200,'Deposit'),
(82,181,'2025-02-20',3400,'Withdrawal'),
(83,182,'2025-02-21',10800,'Deposit'),
(84,183,'2025-02-22',4600,'Withdrawal'),
(85,184,'2025-02-23',12500,'Deposit'),
(86,185,'2025-02-24',5100,'Withdrawal'),
(87,186,'2025-02-25',8000,'Deposit'),
(88,187,'2025-02-26',2900,'Withdrawal'),
(89,188,'2025-02-27',15000,'Deposit'),
(90,189,'2025-02-28',6200,'Withdrawal'),

(91,190,'2025-03-01',9800,'Deposit'),
(92,191,'2025-03-02',3600,'Withdrawal'),
(93,192,'2025-03-03',11400,'Deposit'),
(94,193,'2025-03-04',4800,'Withdrawal'),
(95,194,'2025-03-05',13200,'Deposit'),
(96,195,'2025-03-06',5400,'Withdrawal'),
(97,196,'2025-03-07',8200,'Deposit'),
(98,197,'2025-03-08',3000,'Withdrawal'),
(99,198,'2025-03-09',16000,'Deposit'),
(100,199,'2025-03-10',6500,'Withdrawal');


----------------------------------------------------------------------
INSERT INTO Loans VALUES
(201,1,'Home Loan',2500000,25000,'Active','2023-05-01'),
(202,2,'Car Loan',800000,15000,'Overdue','2023-08-01'),

(203,3,'Personal Loan',500000,12000,'Active','2023-06-15'),
(204,4,'Education Loan',600000,9000,'Active','2023-07-10'),
(205,5,'Home Loan',3200000,28000,'Overdue','2023-09-05'),
(206,6,'Car Loan',750000,14000,'Active','2023-10-01'),
(207,7,'Personal Loan',450000,11000,'Closed','2023-01-20'),
(208,8,'Education Loan',700000,9500,'Active','2023-11-12'),
(209,9,'Home Loan',2800000,26000,'Active','2023-12-01'),
(210,10,'Car Loan',820000,15500,'Overdue','2024-01-10'),

(211,11,'Personal Loan',400000,10000,'Active','2024-01-20'),
(212,12,'Education Loan',650000,9200,'Closed','2023-02-15'),
(213,13,'Home Loan',3500000,30000,'Active','2024-02-01'),
(214,14,'Car Loan',780000,14500,'Active','2024-02-10'),
(215,15,'Personal Loan',520000,12500,'Overdue','2024-02-18'),
(216,16,'Education Loan',680000,9800,'Active','2024-03-01'),
(217,17,'Home Loan',2900000,27000,'Active','2024-03-10'),
(218,18,'Car Loan',830000,15800,'Closed','2023-04-25'),
(219,19,'Personal Loan',460000,11200,'Active','2024-03-25'),
(220,20,'Education Loan',720000,10000,'Overdue','2024-04-05'),

(221,21,'Home Loan',3100000,28500,'Active','2024-04-15'),
(222,22,'Car Loan',760000,14200,'Active','2024-04-20'),
(223,23,'Personal Loan',480000,11800,'Overdue','2024-05-01'),
(224,24,'Education Loan',640000,9100,'Active','2024-05-10'),
(225,25,'Home Loan',3300000,29500,'Active','2024-05-20'),
(226,26,'Car Loan',810000,15000,'Closed','2023-06-01'),
(227,27,'Personal Loan',510000,12200,'Active','2024-06-05'),
(228,28,'Education Loan',690000,9700,'Active','2024-06-15'),
(229,29,'Home Loan',2700000,25500,'Overdue','2024-06-25'),
(230,30,'Car Loan',790000,14800,'Active','2024-07-05'),

(231,31,'Personal Loan',430000,10500,'Active','2024-07-15'),
(232,32,'Education Loan',660000,9300,'Closed','2023-07-20'),
(233,33,'Home Loan',3600000,30500,'Active','2024-07-25'),
(234,34,'Car Loan',840000,16000,'Overdue','2024-08-01'),
(235,35,'Personal Loan',550000,13000,'Active','2024-08-10'),
(236,36,'Education Loan',710000,10200,'Active','2024-08-20'),
(237,37,'Home Loan',3000000,27500,'Overdue','2024-09-01'),
(238,38,'Car Loan',770000,14300,'Active','2024-09-10'),
(239,39,'Personal Loan',490000,11900,'Closed','2023-08-15'),
(240,40,'Education Loan',730000,10100,'Active','2024-09-25'),

(241,41,'Home Loan',3400000,29000,'Active','2024-10-05'),
(242,42,'Car Loan',800000,15200,'Active','2024-10-15'),
(243,43,'Personal Loan',470000,11400,'Overdue','2024-10-25'),
(244,44,'Education Loan',670000,9400,'Active','2024-11-01'),
(245,45,'Home Loan',2950000,26800,'Active','2024-11-10'),
(246,46,'Car Loan',820000,15600,'Closed','2023-09-01'),
(247,47,'Personal Loan',520000,12400,'Active','2024-11-20'),
(248,48,'Education Loan',740000,10300,'Overdue','2024-12-01'),
(249,49,'Home Loan',3100000,28200,'Active','2024-12-10'),
(250,50,'Car Loan',860000,16200,'Active','2024-12-20'),

(251,51,'Personal Loan',450000,10800,'Active','2025-01-05'),
(252,52,'Education Loan',690000,9600,'Closed','2023-10-10'),
(253,53,'Home Loan',3550000,29800,'Overdue','2025-01-15'),
(254,54,'Car Loan',790000,14700,'Active','2025-01-25'),
(255,55,'Personal Loan',510000,12100,'Active','2025-02-01'),
(256,56,'Education Loan',720000,10050,'Active','2025-02-10'),
(257,57,'Home Loan',3200000,28500,'Overdue','2025-02-20'),
(258,58,'Car Loan',810000,15050,'Active','2025-03-01'),
(259,59,'Personal Loan',480000,11700,'Active','2025-03-10'),
(260,60,'Education Loan',750000,10400,'Closed','2023-11-15'),

(261,61,'Home Loan',3000000,27000,'Active','2025-03-20'),
(262,62,'Car Loan',830000,15800,'Overdue','2025-03-25'),
(263,63,'Personal Loan',530000,12600,'Active','2025-04-01'),
(264,64,'Education Loan',700000,9800,'Active','2025-04-10'),
(265,65,'Home Loan',3400000,29200,'Active','2025-04-20'),
(266,66,'Car Loan',780000,14500,'Closed','2023-12-01'),
(267,67,'Personal Loan',500000,12000,'Overdue','2025-05-01'),
(268,68,'Education Loan',720000,10100,'Active','2025-05-10'),
(269,69,'Home Loan',2900000,26500,'Active','2025-05-20'),
(270,70,'Car Loan',850000,16000,'Active','2025-05-25'),

(271,71,'Personal Loan',460000,11000,'Active','2025-06-01'),
(272,72,'Education Loan',680000,9500,'Overdue','2025-06-10'),
(273,73,'Home Loan',3300000,29000,'Active','2025-06-20'),
(274,74,'Car Loan',800000,15000,'Active','2025-06-25'),
(275,75,'Personal Loan',520000,12400,'Closed','2024-01-10'),
(276,76,'Education Loan',710000,10200,'Active','2025-07-01'),
(277,77,'Home Loan',3600000,30500,'Overdue','2025-07-10'),
(278,78,'Car Loan',820000,15500,'Active','2025-07-20'),
(279,79,'Personal Loan',490000,11800,'Active','2025-07-25'),
(280,80,'Education Loan',740000,10300,'Closed','2024-02-15'),

(281,81,'Home Loan',3100000,28000,'Active','2025-08-01'),
(282,82,'Car Loan',790000,14800,'Active','2025-08-10'),
(283,83,'Personal Loan',540000,12700,'Overdue','2025-08-20'),
(284,84,'Education Loan',700000,9900,'Active','2025-08-25'),
(285,85,'Home Loan',3500000,30000,'Active','2025-09-01'),
(286,86,'Car Loan',830000,15800,'Closed','2024-03-01'),
(287,87,'Personal Loan',510000,12200,'Active','2025-09-10'),
(288,88,'Education Loan',720000,10100,'Overdue','2025-09-20'),
(289,89,'Home Loan',2950000,27000,'Active','2025-09-25'),
(290,90,'Car Loan',860000,16200,'Active','2025-10-01'),

(291,91,'Personal Loan',470000,11300,'Active','2025-10-10'),
(292,92,'Education Loan',690000,9600,'Closed','2024-04-10'),
(293,93,'Home Loan',3200000,28500,'Overdue','2025-10-20'),
(294,94,'Car Loan',800000,15000,'Active','2025-10-25'),
(295,95,'Personal Loan',530000,12600,'Active','2025-11-01'),
(296,96,'Education Loan',710000,10200,'Active','2025-11-10'),
(297,97,'Home Loan',3400000,29200,'Overdue','2025-11-20'),
(298,98,'Car Loan',820000,15500,'Active','2025-11-25'),
(299,99,'Personal Loan',500000,12000,'Active','2025-12-01'),
(300,100,'Education Loan',750000,10500,'Active','2025-12-10');

----------------------------------------------------------------------
Select * from Customers;
Select * from Accounts;
select  * from Transactions;
Select * from Loans;


